-- MySQL dump 10.13  Distrib 8.0.21, for macos10.15 (x86_64)
--
-- Host: localhost    Database: maryland_bball
-- ------------------------------------------------------
-- Server version	8.0.21

/*!40101 SET @OLD_CHARACTER_SET_CLIENT=@@CHARACTER_SET_CLIENT */;
/*!40101 SET @OLD_CHARACTER_SET_RESULTS=@@CHARACTER_SET_RESULTS */;
/*!40101 SET @OLD_COLLATION_CONNECTION=@@COLLATION_CONNECTION */;
/*!50503 SET NAMES utf8 */;
/*!40103 SET @OLD_TIME_ZONE=@@TIME_ZONE */;
/*!40103 SET TIME_ZONE='+00:00' */;
/*!40014 SET @OLD_UNIQUE_CHECKS=@@UNIQUE_CHECKS, UNIQUE_CHECKS=0 */;
/*!40014 SET @OLD_FOREIGN_KEY_CHECKS=@@FOREIGN_KEY_CHECKS, FOREIGN_KEY_CHECKS=0 */;
/*!40101 SET @OLD_SQL_MODE=@@SQL_MODE, SQL_MODE='NO_AUTO_VALUE_ON_ZERO' */;
/*!40111 SET @OLD_SQL_NOTES=@@SQL_NOTES, SQL_NOTES=0 */;

--
-- Table structure for table `game_shooting_stats`
--

DROP TABLE IF EXISTS `game_shooting_stats`;
/*!40101 SET @saved_cs_client     = @@character_set_client */;
/*!50503 SET character_set_client = utf8mb4 */;
CREATE TABLE `game_shooting_stats` (
  `shooting_stats_id` int NOT NULL,
  `player_id` int NOT NULL,
  `game_id` int NOT NULL,
  `fg_made` int DEFAULT NULL,
  `fg_attempted` int DEFAULT NULL,
  `three_point_made` int DEFAULT NULL,
  `three_point_attempted` int DEFAULT NULL,
  `ft_made` int DEFAULT NULL,
  `ft_attempted` int DEFAULT NULL,
  PRIMARY KEY (`shooting_stats_id`),
  KEY `fk_game_shooting_stats_schedule1_idx` (`game_id`),
  KEY `fk_game_shooting_stats_players1_idx` (`player_id`),
  CONSTRAINT `fk_game_shooting_stats_players1` FOREIGN KEY (`player_id`) REFERENCES `players` (`player_id`),
  CONSTRAINT `fk_game_shooting_stats_schedule1` FOREIGN KEY (`game_id`) REFERENCES `schedule` (`game_id`)
) ENGINE=InnoDB DEFAULT CHARSET=utf8;
/*!40101 SET character_set_client = @saved_cs_client */;

--
-- Dumping data for table `game_shooting_stats`
--

LOCK TABLES `game_shooting_stats` WRITE;
/*!40000 ALTER TABLE `game_shooting_stats` DISABLE KEYS */;
INSERT INTO `game_shooting_stats` VALUES (1,13,1,1,1,0,0,0,0),(2,4,1,4,14,0,5,7,10),(3,15,1,1,8,1,6,4,4),(4,1,1,2,5,0,2,2,2),(5,11,1,0,2,0,1,0,0),(6,8,1,2,7,1,3,2,4),(7,2,1,0,0,0,0,0,0),(8,6,1,1,4,0,0,0,0),(9,5,1,6,6,0,0,3,4),(10,10,1,8,15,0,2,3,6),(11,4,2,8,15,2,9,6,6),(12,15,2,4,10,2,6,2,2),(13,1,2,1,6,0,2,3,4),(14,11,2,0,2,0,2,0,0),(15,8,2,5,13,0,2,5,6),(16,7,2,0,0,0,0,0,0),(17,2,2,1,1,0,0,0,0),(18,6,2,0,1,0,0,0,0),(19,5,2,3,5,0,0,3,4),(20,10,2,3,6,1,2,4,5),(21,13,3,1,1,0,0,0,0),(22,4,3,4,11,4,9,1,2),(23,15,3,4,11,4,8,2,2),(24,12,3,0,0,0,0,0,0),(25,1,3,0,2,0,1,0,0),(26,11,3,3,9,1,7,0,0),(27,8,3,6,9,1,2,0,0),(28,7,3,0,0,0,0,0,0),(29,2,3,0,0,0,0,0,0),(30,6,3,2,4,0,1,0,0),(31,14,3,0,1,0,1,0,0),(32,5,3,7,10,0,0,3,7),(33,10,3,4,8,0,1,4,5),(34,4,4,5,13,1,6,0,0),(35,15,4,4,10,3,6,2,3),(36,1,4,5,8,3,5,1,1),(37,11,4,0,2,0,2,0,0),(38,8,4,5,9,0,2,2,3),(39,7,4,0,0,0,0,0,0),(40,2,4,1,2,0,0,0,0),(41,6,4,0,0,0,0,0,0),(42,5,4,8,8,0,0,1,4),(43,10,4,5,12,0,1,1,2),(44,13,5,0,0,0,0,0,0),(45,4,5,5,8,1,2,1,1),(46,15,5,3,7,2,4,0,0),(47,12,5,1,1,0,0,0,0),(48,1,5,3,6,1,4,0,1),(49,11,5,5,9,3,6,0,0),(50,8,5,5,8,0,2,0,0),(51,7,5,0,0,0,0,1,3),(52,2,5,0,0,0,0,0,0),(53,6,5,0,1,0,0,2,2),(54,3,5,0,0,0,0,0,0),(55,14,5,0,0,0,0,0,0),(56,5,5,10,12,0,1,1,3),(57,9,5,0,0,0,0,0,0),(58,10,5,6,9,0,0,4,5),(59,13,6,0,1,0,0,0,0),(60,4,6,10,15,1,1,5,5),(61,15,6,2,8,1,4,2,2),(62,12,6,0,0,0,0,0,0),(63,1,6,6,8,5,6,3,4),(64,11,6,2,4,1,3,2,2),(65,8,6,5,8,0,0,0,1),(66,7,6,0,0,0,0,0,0),(67,2,6,0,0,0,0,0,0),(68,6,6,0,1,0,0,1,2),(69,3,6,0,0,0,0,0,0),(70,14,6,1,1,1,1,1,2),(71,5,6,7,12,0,0,4,4),(72,9,6,0,0,0,0,1,2),(73,10,6,2,3,0,1,6,12),(74,4,7,5,12,1,4,4,6),(75,15,7,5,8,3,5,0,0),(76,1,7,4,7,3,4,2,3),(77,11,7,1,1,0,0,0,0),(78,8,7,3,7,0,2,2,4),(79,2,7,0,0,0,0,0,0),(80,6,7,0,1,0,0,0,0),(81,5,7,6,8,0,0,2,2),(82,10,7,3,6,0,2,0,1),(83,4,8,6,12,2,6,1,1),(84,15,8,3,7,1,3,2,2),(85,1,8,1,3,0,2,6,8),(86,11,8,0,0,0,0,0,0),(87,8,8,3,5,0,1,0,2),(88,2,8,0,0,0,0,0,0),(89,6,8,0,0,0,0,0,0),(90,5,8,2,6,0,0,8,8),(91,10,8,7,12,1,2,1,4),(92,13,9,0,0,0,0,0,0),(93,4,9,4,17,2,10,8,10),(94,15,9,3,9,3,7,0,0),(95,1,9,1,4,0,2,0,0),(96,11,9,0,2,0,1,0,0),(97,8,9,5,9,1,3,1,2),(98,6,9,1,1,1,1,0,0),(99,5,9,3,7,1,1,2,2),(100,10,9,3,8,1,2,0,0),(101,13,10,0,0,0,0,0,0),(102,4,10,6,12,3,8,2,3),(103,15,10,4,11,2,6,0,0),(104,1,10,2,8,1,4,0,0),(105,11,10,2,5,2,5,2,2),(106,8,10,2,5,0,1,0,0),(107,2,10,0,0,0,0,0,0),(108,6,10,1,1,0,0,0,0),(109,5,10,4,4,0,0,0,0),(110,10,10,0,1,0,1,1,2),(111,13,11,0,2,0,1,0,0),(112,4,11,6,12,4,4,7,7),(113,15,11,4,12,3,7,0,0),(114,12,11,0,0,0,0,0,0),(115,1,11,5,9,1,2,2,2),(116,11,11,4,5,2,2,0,0),(117,7,11,1,1,0,0,0,0),(118,2,11,0,1,0,0,0,0),(119,6,11,2,4,0,1,0,0),(120,3,11,0,0,0,0,0,0),(121,14,11,0,0,0,0,0,0),(122,5,11,4,8,0,0,3,4),(123,9,11,0,1,0,0,0,0),(124,10,11,7,13,1,4,5,6),(125,4,12,5,13,3,8,2,2),(126,15,12,1,6,0,4,0,0),(127,1,12,3,7,3,5,4,6),(128,11,12,1,2,0,1,0,0),(129,8,12,3,6,1,1,0,2),(130,6,12,1,2,0,1,0,0),(131,5,12,7,11,0,2,5,7),(132,10,12,6,11,1,3,1,3),(133,13,13,0,0,0,0,0,0),(134,4,13,2,9,1,5,5,5),(135,15,13,3,7,3,4,0,0),(136,1,13,4,8,2,4,4,4),(137,11,13,1,5,1,4,0,0),(138,8,13,6,12,0,2,1,1),(139,7,13,0,0,0,0,0,0),(140,2,13,1,1,0,0,0,0),(141,6,13,2,4,0,1,4,6),(142,5,13,6,7,0,0,7,9),(143,4,14,6,15,3,7,4,6),(144,15,14,3,3,2,2,0,0),(145,1,14,3,7,1,3,0,0),(146,11,14,0,5,0,1,0,0),(147,8,14,3,7,0,1,0,0),(148,2,14,0,0,0,0,0,0),(149,6,14,0,1,0,0,1,2),(150,5,14,7,12,0,0,4,5),(151,10,14,6,10,2,3,1,1),(152,13,15,0,0,0,0,0,0),(153,4,15,6,16,3,7,0,0),(154,15,15,3,7,0,3,1,1),(155,1,15,4,5,3,3,0,1),(156,11,15,3,5,1,3,4,5),(157,8,15,2,3,0,0,0,0),(158,2,15,0,3,0,0,0,0),(159,6,15,1,2,0,1,1,2),(160,5,15,2,5,0,0,6,9),(161,10,15,7,12,0,3,2,2),(162,4,16,7,12,3,5,10,10),(163,15,16,3,5,1,1,0,0),(164,1,16,1,1,1,1,3,3),(165,11,16,1,3,0,0,2,2),(166,8,16,0,5,0,1,0,0),(167,2,16,0,0,0,0,1,2),(168,6,16,2,2,1,1,1,2),(169,5,16,5,10,0,0,0,0),(170,10,16,7,10,0,1,7,8),(171,4,17,7,16,2,6,8,10),(172,15,17,1,6,1,5,2,3),(173,1,17,4,12,2,7,4,5),(174,11,17,1,3,1,2,0,0),(175,8,17,2,4,1,2,0,0),(176,2,17,0,0,0,0,0,0),(177,6,17,0,1,0,0,0,0),(178,5,17,11,12,1,1,2,2),(179,10,17,0,9,0,2,2,2),(180,4,18,4,14,2,6,11,13),(181,15,18,1,3,1,1,0,0),(182,1,18,4,7,3,5,0,0),(183,11,18,0,1,0,0,0,0),(184,8,18,2,6,1,2,3,4),(185,2,18,0,0,0,0,0,0),(186,6,18,0,3,0,0,0,1),(187,5,18,3,6,0,0,4,4),(188,10,18,2,7,1,2,6,7),(189,4,19,5,13,3,7,7,8),(190,15,19,4,7,3,4,0,0),(191,1,19,2,3,2,2,0,0),(192,11,19,1,1,1,1,0,0),(193,8,19,5,9,1,2,0,0),(194,2,19,0,0,0,0,0,0),(195,6,19,0,0,0,0,1,2),(196,5,19,5,6,0,0,3,3),(197,10,19,3,4,1,1,3,3),(198,4,20,3,12,1,6,0,1),(199,15,20,5,13,5,9,0,0),(200,1,20,2,6,1,3,0,0),(201,11,20,0,3,0,1,0,0),(202,8,20,4,7,2,3,0,0),(203,2,20,0,0,0,0,0,0),(204,6,20,0,4,0,1,0,0),(205,5,20,4,8,0,1,4,6),(206,10,20,3,8,0,2,0,0),(207,4,21,4,10,2,4,8,8),(208,15,21,3,8,2,6,0,0),(209,1,21,0,3,0,2,0,0),(210,11,21,1,3,0,2,2,2),(211,8,21,2,6,0,1,3,3),(212,7,21,0,0,0,0,0,0),(213,2,21,0,0,0,0,0,0),(214,6,21,0,0,0,0,0,0),(215,5,21,6,9,0,1,7,8),(216,10,21,4,6,2,3,1,3),(217,13,22,1,2,0,0,0,1),(218,4,22,2,3,1,2,3,3),(219,15,22,0,4,0,2,1,2),(220,12,22,0,0,0,0,0,0),(221,1,22,3,9,2,6,0,0),(222,11,22,1,2,1,1,2,3),(223,8,22,3,7,2,2,0,0),(224,2,22,0,0,0,0,0,0),(225,6,22,1,1,0,0,0,0),(226,5,22,9,16,0,1,4,4),(227,9,22,0,0,0,0,0,0),(228,10,22,5,10,1,2,3,3),(229,13,23,0,0,0,0,0,0),(230,4,23,4,16,2,9,1,2),(231,15,23,2,5,1,2,0,0),(232,12,23,0,0,0,0,0,0),(233,1,23,7,11,4,5,0,0),(234,11,23,1,1,0,0,0,0),(235,8,23,3,6,1,2,0,0),(236,7,23,0,0,0,0,0,0),(237,2,23,0,0,0,0,0,0),(238,6,23,0,2,0,1,0,0),(239,14,23,0,0,0,0,0,0),(240,5,23,6,9,0,0,1,2),(241,9,23,0,0,0,0,0,0),(242,10,23,2,6,0,1,1,4),(243,4,24,2,10,0,4,1,3),(244,15,24,2,8,2,6,0,0),(245,1,24,2,6,2,4,2,4),(246,11,24,2,5,2,3,0,0),(247,8,24,1,5,0,0,0,0),(248,2,24,0,0,0,0,0,0),(249,6,24,1,1,0,0,0,2),(250,5,24,4,7,0,0,5,6),(251,10,24,8,16,1,3,1,3),(252,13,25,0,0,0,0,0,0),(253,4,25,4,9,2,7,2,3),(254,15,25,4,6,3,5,0,0),(255,1,25,5,9,3,7,2,3),(256,11,25,0,2,0,1,0,0),(257,8,25,2,6,0,3,0,0),(258,6,25,0,1,0,0,0,0),(259,5,25,4,4,0,0,4,7),(260,10,25,7,15,0,4,2,2),(261,13,26,0,0,0,0,0,0),(262,4,26,4,12,2,7,0,0),(263,15,26,5,10,3,6,2,2),(264,1,26,0,7,0,5,0,0),(265,11,26,1,3,1,2,0,0),(266,8,26,1,1,0,0,0,0),(267,6,26,1,2,0,0,0,1),(268,5,26,5,10,0,0,2,2),(269,10,26,3,10,0,2,2,3),(270,13,27,0,0,0,0,0,0),(271,4,27,5,15,5,10,2,2),(272,15,27,3,10,3,7,0,0),(273,1,27,4,8,3,6,0,0),(274,11,27,1,2,1,2,0,0),(275,8,27,4,8,0,2,1,2),(276,6,27,1,1,0,0,0,0),(277,5,27,2,5,0,0,7,8),(278,10,27,2,4,0,1,0,0),(279,13,28,0,0,0,0,0,0),(280,4,28,6,10,3,4,4,5),(281,15,28,3,4,1,2,0,0),(282,1,28,0,1,0,1,0,0),(283,11,28,4,7,1,3,5,7),(284,8,28,2,8,1,4,6,6),(285,6,28,1,3,0,1,0,0),(286,5,28,5,9,0,0,4,5),(287,10,28,2,5,0,2,1,2),(288,13,29,0,1,0,0,0,0),(289,4,29,6,11,0,4,3,4),(290,15,29,5,11,0,4,1,1),(291,1,29,3,7,0,4,0,0),(292,11,29,1,4,1,3,2,2),(293,8,29,1,5,0,2,4,4),(294,7,29,0,0,0,0,0,0),(296,5,29,3,6,0,0,3,4),(297,10,29,4,11,1,2,0,0),(298,13,30,0,0,0,0,0,0),(299,4,30,4,15,1,7,1,2),(300,15,30,1,2,1,1,2,2),(301,1,30,4,7,2,4,0,0),(303,8,30,4,8,1,4,1,1),(304,6,30,2,3,0,1,0,1),(305,5,30,5,13,0,0,2,2),(306,10,30,5,8,1,2,0,2),(307,13,31,0,0,0,0,0,0),(308,4,31,8,17,3,6,2,2),(309,15,31,1,6,0,2,0,0),(310,12,31,0,1,0,1,0,0),(311,1,31,1,3,0,2,2,2),(312,11,31,1,2,0,0,0,0),(313,8,31,4,7,1,2,1,2),(314,2,31,0,2,0,1,0,0),(315,6,31,0,0,0,0,0,0),(316,5,31,5,12,0,0,1,2),(317,10,31,6,12,3,6,4,4),(318,4,32,4,10,3,7,7,10),(319,15,32,2,7,1,4,1,2),(320,1,32,2,5,1,3,7,7),(321,11,32,0,3,0,0,0,0),(322,8,32,6,13,1,3,1,1),(323,2,32,0,0,0,0,0,0),(324,6,32,0,0,0,0,0,0),(325,5,32,1,4,0,0,1,1),(326,10,32,3,8,0,3,2,2),(327,13,33,1,1,0,0,0,0),(328,4,33,3,18,1,10,2,5),(329,15,33,2,7,1,5,0,0),(330,1,33,5,13,2,5,0,0),(331,11,33,0,1,0,0,0,0),(332,8,33,6,10,1,1,5,7),(333,6,33,0,0,0,0,0,0),(334,5,33,5,10,1,1,3,3),(335,10,33,8,9,0,0,3,5),(336,13,34,0,0,0,0,0,0),(337,4,34,4,11,3,6,0,0),(338,15,34,3,6,3,3,2,2),(339,1,34,3,12,1,7,1,2),(340,11,34,0,1,0,1,0,0),(341,8,34,4,13,1,4,1,3),(342,6,34,0,1,0,1,2,2),(343,5,34,3,8,0,1,4,4),(344,10,34,4,11,1,5,6,10),(345,18,35,4,9,0,3,4,5),(346,29,35,4,13,0,6,1,3),(347,20,35,1,2,0,1,1,2),(348,16,35,4,10,1,6,3,3),(349,26,35,3,6,2,3,0,0),(350,23,35,5,7,0,1,5,6),(351,22,35,0,0,0,0,0,0),(352,19,35,1,2,1,2,0,0),(353,17,35,0,0,0,0,0,0),(354,28,35,0,0,0,0,0,0),(355,24,35,4,6,1,2,0,3),(356,25,35,7,15,0,3,2,2),(357,27,36,0,0,0,0,0,0),(358,18,36,4,12,1,4,5,6),(359,29,36,4,9,2,5,3,5),(360,20,36,1,2,1,1,0,0),(361,16,36,5,10,1,4,2,2),(362,26,36,0,1,0,1,0,0),(363,23,36,1,3,0,0,2,2),(364,24,36,2,6,1,3,0,0),(365,25,36,7,12,0,1,5,9),(366,27,37,1,2,0,1,0,0),(367,18,37,3,6,2,4,3,4),(368,29,37,4,9,2,7,0,0),(369,20,37,2,2,0,0,1,2),(370,16,37,3,7,0,3,0,0),(371,26,37,0,3,0,3,0,0),(372,23,37,6,8,2,2,0,0),(373,22,37,2,2,1,1,0,0),(374,19,37,1,3,0,1,5,6),(375,17,37,1,1,0,0,0,0),(376,28,37,0,1,0,0,0,0),(377,24,37,1,3,1,3,0,0),(378,25,37,4,7,0,1,0,0),(379,18,38,4,11,3,6,1,2),(380,29,38,2,8,1,5,1,1),(381,20,38,6,6,0,0,1,2),(382,16,38,4,8,3,5,2,2),(383,26,38,0,1,0,0,1,3),(384,23,38,2,8,0,2,0,0),(385,22,38,0,0,0,0,0,0),(386,19,38,0,1,0,1,1,2),(387,28,38,1,1,1,1,0,0),(388,24,38,1,2,0,0,0,0),(389,25,38,5,8,0,1,7,9),(390,18,39,4,8,1,1,7,8),(391,29,39,6,12,3,7,0,0),(392,20,39,2,4,0,0,1,2),(393,16,39,2,7,0,4,4,5),(394,26,39,2,4,0,2,2,2),(395,23,39,1,6,0,1,0,0),(396,22,39,0,0,0,0,0,0),(397,19,39,1,5,1,4,0,0),(398,17,39,0,0,0,0,0,0),(399,28,39,0,0,0,0,0,0),(400,24,39,2,5,1,2,2,2),(401,25,39,3,5,0,1,6,7),(402,18,40,11,19,4,8,4,5),(403,29,40,1,5,1,2,2,3),(404,20,40,0,0,0,0,0,0),(405,16,40,3,7,2,5,5,6),(406,26,40,0,0,0,0,0,0),(407,23,40,1,5,0,2,1,2),(408,19,40,1,2,0,1,0,0),(409,24,40,2,4,1,3,0,0),(410,25,40,3,10,2,5,4,4),(411,18,41,5,12,3,5,7,13),(412,29,41,4,14,2,5,3,4),(413,20,41,0,0,0,0,0,0),(414,16,41,4,10,1,5,4,9),(415,26,41,0,0,0,0,0,0),(416,23,41,4,8,0,0,5,6),(417,22,41,0,0,0,0,0,0),(418,19,41,0,0,0,0,0,0),(419,24,41,2,6,1,4,0,0),(420,25,41,5,9,0,1,5,6),(421,18,42,7,14,2,7,6,7),(422,29,42,6,13,3,8,0,0),(423,16,42,3,9,2,8,1,2),(424,23,42,7,14,2,3,1,2),(425,19,42,1,1,0,0,0,0),(426,24,42,2,3,1,1,2,2),(427,25,42,3,8,0,2,2,3),(428,27,43,1,3,0,1,0,0),(429,18,43,3,9,1,4,2,2),(430,29,43,3,11,2,6,3,4),(431,20,43,1,1,0,0,0,0),(432,16,43,6,9,2,5,0,0),(433,26,43,0,1,0,1,0,0),(434,23,43,4,8,0,2,2,2),(435,22,43,0,0,0,0,0,0),(436,19,43,1,4,1,4,0,0),(437,28,43,0,0,0,0,0,0),(438,24,43,2,5,0,3,0,0),(439,25,43,5,12,2,3,3,6),(440,18,44,6,14,2,7,6,7),(441,29,44,3,11,2,6,0,0),(442,20,44,0,0,0,0,0,0),(443,16,44,2,10,1,7,0,0),(444,26,44,0,0,0,0,0,0),(445,23,44,4,9,1,2,1,2),(446,19,44,0,2,0,2,0,0),(447,24,44,1,4,0,2,0,0),(448,25,44,5,11,2,5,2,2),(449,18,45,5,17,3,9,3,6),(450,29,45,3,12,1,6,6,7),(451,20,45,0,0,0,0,2,2),(452,16,45,4,10,1,4,6,6),(453,26,45,0,0,0,0,0,0),(454,23,45,3,6,1,1,1,1),(455,19,45,0,1,0,1,0,0),(456,24,45,1,2,1,1,0,0),(457,25,45,3,5,1,1,5,6),(458,18,46,3,14,3,10,7,9),(459,29,46,4,11,1,5,2,2),(460,20,46,0,1,0,0,0,0),(461,16,46,1,6,1,4,0,0),(462,23,46,1,5,0,0,1,2),(463,22,46,0,0,0,0,0,0),(464,19,46,0,0,0,0,0,0),(465,24,46,1,5,0,1,0,0),(466,25,46,3,7,0,1,5,7),(467,27,47,1,1,0,0,1,2),(468,18,47,4,11,2,5,9,9),(469,29,47,5,12,2,4,3,4),(470,20,47,0,1,0,0,0,0),(471,16,47,3,7,2,3,0,1),(472,26,47,1,3,1,1,0,0),(473,23,47,1,3,0,1,3,4),(474,22,47,1,1,0,0,2,2),(475,19,47,0,0,0,0,0,0),(476,21,47,3,4,0,0,0,0),(477,28,47,0,0,0,0,1,2),(478,24,47,4,7,0,0,1,1),(479,25,47,3,5,0,0,5,7),(480,27,48,0,0,0,0,0,0),(481,18,48,4,13,1,6,4,5),(482,29,48,4,10,1,5,4,4),(483,20,48,0,2,0,0,0,0),(484,16,48,2,6,0,1,3,4),(485,26,48,0,3,0,1,0,0),(486,23,48,4,8,1,2,3,3),(487,22,48,0,0,0,0,0,0),(488,19,48,0,1,0,1,0,0),(489,21,48,1,2,0,0,0,0),(490,24,48,3,7,1,5,2,2),(491,25,48,6,10,2,3,5,7),(492,27,49,0,0,0,0,0,0),(493,18,49,4,9,2,5,10,12),(494,29,49,3,6,0,1,1,3),(495,20,49,0,0,0,0,0,0),(496,16,49,2,7,1,6,4,5),(497,26,49,1,3,1,2,0,0),(498,23,49,4,7,1,1,1,2),(499,21,49,0,0,0,0,0,0),(500,24,49,3,5,1,1,0,0),(501,25,49,4,9,2,2,1,2),(502,27,50,1,1,0,0,0,0),(503,18,50,2,10,2,9,3,7),(504,29,50,0,4,0,2,0,0),(505,20,50,2,2,0,0,0,0),(506,16,50,0,6,0,3,2,2),(507,26,50,2,4,1,2,0,2),(508,23,50,3,9,0,1,1,2),(509,22,50,0,0,0,0,0,1),(510,19,50,0,1,0,1,0,0),(511,21,50,0,1,0,0,0,0),(512,24,50,2,7,1,4,2,2),(513,25,50,5,7,0,0,3,4),(514,18,51,6,14,2,5,2,2),(515,29,51,4,8,3,6,2,2),(516,20,51,0,0,0,0,1,2),(517,16,51,1,4,0,3,0,0),(518,26,51,0,1,0,0,0,0),(519,23,51,1,5,0,1,0,0),(520,21,51,0,0,0,0,0,0),(522,25,51,7,11,2,3,2,5),(523,18,52,1,8,0,4,3,4),(524,29,52,4,9,2,6,2,2),(525,20,52,0,0,0,0,0,0),(526,16,52,2,6,1,4,0,0),(527,26,52,0,1,0,0,0,0),(528,23,52,1,6,0,1,2,4),(529,21,52,0,0,0,0,0,0),(530,24,52,5,8,2,4,1,1),(531,25,52,8,13,2,5,0,0),(532,27,53,0,0,0,0,1,2),(533,18,53,2,10,1,6,7,8),(534,29,53,5,12,5,9,2,2),(535,20,53,1,1,1,1,0,0),(536,16,53,1,6,1,5,2,2),(537,26,53,2,5,2,4,0,0),(538,23,53,0,5,0,1,5,6),(539,24,53,1,2,1,2,0,0),(540,25,53,7,13,2,5,9,9),(541,27,54,0,0,0,0,0,0),(542,18,54,6,15,2,7,4,7),(543,29,54,3,7,2,5,0,0),(544,20,54,1,1,1,1,1,1),(545,16,54,2,5,1,2,0,2),(546,26,54,0,2,0,2,0,0),(547,23,54,4,7,1,1,1,1),(548,24,54,1,5,1,5,0,0),(549,25,54,10,14,4,6,5,7),(550,27,55,0,0,0,0,0,0),(551,18,55,9,15,3,8,10,11),(552,29,55,5,18,2,9,2,3),(553,20,55,0,0,0,0,0,0),(554,16,55,2,5,2,5,0,0),(555,26,55,0,1,0,0,0,0),(556,23,55,4,6,0,0,2,2),(557,24,55,1,3,0,1,1,2),(558,25,55,5,9,0,2,8,8),(559,27,56,0,0,0,0,0,0),(560,18,56,3,9,3,5,8,9),(561,29,56,2,8,1,5,0,1),(562,20,56,1,1,0,0,0,0),(563,16,56,0,6,0,4,0,0),(564,26,56,1,5,0,3,0,0),(565,23,56,5,10,1,2,3,4),(566,21,56,0,1,0,0,0,0),(567,24,56,1,2,0,1,0,0),(568,25,56,5,11,3,7,1,1),(569,27,57,0,0,0,0,0,0),(570,18,57,6,11,3,5,5,5),(571,29,57,4,8,2,5,0,0),(572,20,57,0,0,0,0,0,0),(573,16,57,4,10,2,6,2,3),(574,26,57,0,1,0,0,0,0),(575,23,57,4,9,1,3,6,6),(576,24,57,3,5,1,2,0,0),(577,25,57,5,12,1,5,0,1),(578,18,58,2,7,0,4,9,12),(579,29,58,2,8,0,4,2,2),(580,16,58,6,12,4,8,0,1),(581,26,58,0,3,0,1,0,0),(582,23,58,4,5,1,2,0,0),(583,21,58,1,2,0,0,0,2),(584,24,58,3,5,2,3,2,2),(585,25,58,7,10,0,1,2,3),(586,27,59,0,0,0,0,0,0),(587,18,59,5,11,5,9,9,9),(588,29,59,3,7,1,3,0,0),(589,20,59,0,0,0,0,0,0),(590,16,59,4,13,1,6,0,0),(591,26,59,0,0,0,0,0,0),(592,23,59,0,2,0,1,1,2),(593,24,59,3,9,1,4,2,2),(594,25,59,8,14,1,2,0,2),(595,18,60,4,10,2,5,9,11),(596,29,60,3,8,1,6,0,0),(597,20,60,0,1,0,0,0,0),(598,16,60,1,8,1,5,0,0),(599,26,60,0,2,0,2,0,0),(600,23,60,4,10,1,4,4,6),(601,21,60,0,0,0,0,0,0),(602,24,60,5,8,2,3,0,0),(603,25,60,8,14,1,5,5,5),(604,18,61,1,4,0,1,8,9),(605,29,61,7,15,6,13,0,0),(606,20,61,0,0,0,0,0,0),(607,16,61,5,12,3,8,3,4),(608,26,61,0,0,0,0,0,0),(609,23,61,3,6,0,1,2,2),(610,19,61,0,1,0,1,0,0),(611,21,61,0,0,0,0,0,0),(612,24,61,4,5,1,2,1,1),(613,25,61,3,8,0,3,2,3),(614,27,62,1,1,0,0,0,0),(615,18,62,2,15,0,8,6,6),(616,29,62,6,8,2,4,2,2),(617,20,62,0,0,0,0,0,0),(618,16,62,2,5,1,4,0,0),(619,23,62,4,12,1,2,4,6),(620,19,62,0,3,0,2,1,2),(621,21,62,0,0,0,0,0,0),(622,24,62,5,12,1,5,0,0),(623,25,62,5,10,1,3,5,6),(624,18,63,6,15,0,3,1,2),(625,29,63,1,7,0,4,2,5),(626,20,63,1,1,1,1,0,1),(628,23,63,4,8,0,1,0,0),(629,19,63,2,4,1,2,0,0),(630,24,63,3,5,2,4,2,2),(631,25,63,6,10,2,2,6,7),(632,27,64,2,2,0,0,0,0),(633,18,64,6,13,3,9,4,4),(634,29,64,2,9,0,4,0,1),(635,20,64,0,0,0,0,0,0),(636,16,64,3,8,2,6,0,0),(637,26,64,2,6,0,3,2,2),(638,23,64,3,8,0,1,3,4),(639,19,64,0,5,0,4,1,2),(640,21,64,0,0,0,0,0,0),(641,24,64,0,3,0,2,0,0),(642,25,64,7,11,1,3,1,2),(643,27,65,1,1,0,0,0,0),(644,18,65,7,11,0,2,6,6),(645,29,65,6,8,3,4,0,0),(646,20,65,0,1,0,0,0,0),(647,16,65,6,10,3,4,4,6),(648,26,65,0,0,0,0,0,0),(649,23,65,2,5,1,3,2,3),(650,17,65,0,0,0,0,0,0),(651,28,65,0,0,0,0,0,0),(652,24,65,0,2,0,2,2,2),(653,25,65,6,12,1,5,5,8);
/*!40000 ALTER TABLE `game_shooting_stats` ENABLE KEYS */;
UNLOCK TABLES;

--
-- Table structure for table `game_stats`
--

DROP TABLE IF EXISTS `game_stats`;
/*!40101 SET @saved_cs_client     = @@character_set_client */;
/*!50503 SET character_set_client = utf8mb4 */;
CREATE TABLE `game_stats` (
  `game_stats_id` int NOT NULL,
  `player_id` int NOT NULL,
  `game_id` int NOT NULL,
  `minutes` int DEFAULT NULL,
  `points` int DEFAULT NULL,
  `off_reb` int DEFAULT NULL,
  `def_reb` int DEFAULT NULL,
  `assists` int DEFAULT NULL,
  `turnovers` int DEFAULT NULL,
  `blocks` int DEFAULT NULL,
  `steals` int DEFAULT NULL,
  `fouls` int DEFAULT NULL,
  PRIMARY KEY (`game_stats_id`),
  KEY `fk_game_stats_schedule1_idx` (`game_id`),
  KEY `fk_game_stats_players1_idx` (`player_id`),
  CONSTRAINT `fk_game_stats_players1` FOREIGN KEY (`player_id`) REFERENCES `players` (`player_id`),
  CONSTRAINT `fk_game_stats_schedule1` FOREIGN KEY (`game_id`) REFERENCES `schedule` (`game_id`)
) ENGINE=InnoDB DEFAULT CHARSET=utf8;
/*!40101 SET character_set_client = @saved_cs_client */;

--
-- Dumping data for table `game_stats`
--

LOCK TABLES `game_stats` WRITE;
/*!40000 ALTER TABLE `game_stats` DISABLE KEYS */;
INSERT INTO `game_stats` VALUES (1,1,1,29,6,0,2,5,2,0,2,0),(2,1,2,29,5,1,2,2,1,0,0,1),(3,1,3,22,0,0,0,5,1,0,0,2),(4,1,4,32,14,0,1,3,2,0,0,3),(5,1,5,26,7,0,2,6,2,0,0,3),(6,1,6,28,20,0,4,1,5,1,1,1),(7,1,7,35,13,0,4,2,3,0,0,1),(8,1,8,34,8,0,4,2,2,0,0,2),(9,1,9,29,2,0,1,0,3,0,1,1),(10,1,10,33,5,0,2,3,2,0,0,0),(11,1,11,27,13,1,5,7,1,0,1,2),(12,1,12,34,13,0,3,5,0,2,0,2),(13,1,13,29,14,0,2,2,2,0,1,2),(14,1,14,28,7,0,4,1,3,0,0,1),(15,1,15,25,11,0,0,0,2,0,0,3),(16,1,16,20,6,0,1,1,1,0,0,3),(17,1,17,32,14,0,3,0,1,0,0,2),(18,1,18,32,11,0,1,0,1,0,1,0),(19,1,19,20,6,0,1,1,1,1,1,2),(20,1,20,30,5,1,5,3,0,0,0,0),(21,1,21,21,0,0,2,2,5,0,0,1),(22,1,22,32,8,0,2,4,1,0,0,2),(23,1,23,35,18,0,2,2,2,2,0,2),(24,1,24,28,8,0,6,1,1,0,0,1),(25,1,25,28,15,0,5,1,2,2,0,0),(26,1,26,33,0,1,4,2,1,0,1,1),(27,1,27,34,11,0,4,4,1,0,1,2),(28,1,28,10,0,0,2,1,0,0,0,0),(29,1,29,27,6,0,3,1,0,0,0,0),(30,1,30,33,10,0,2,2,2,0,0,2),(31,1,31,28,4,0,1,0,1,0,0,2),(32,1,32,35,12,1,3,2,1,1,0,2),(33,1,33,34,12,2,3,0,2,1,0,1),(34,1,34,35,8,2,4,1,1,0,0,0),(35,2,1,4,0,0,0,0,0,0,0,2),(36,2,2,6,2,1,0,0,1,1,0,0),(37,2,3,8,0,0,1,0,2,0,0,1),(38,2,4,7,2,1,1,0,1,0,0,1),(39,2,5,3,0,0,0,0,1,0,0,0),(40,2,6,2,0,0,0,0,1,0,0,0),(41,2,7,2,0,0,1,0,0,0,0,0),(42,2,8,1,0,0,0,0,0,0,0,0),(43,2,10,8,0,0,1,1,0,0,0,0),(44,2,11,3,0,0,0,0,0,0,0,0),(45,2,13,8,2,1,2,2,1,0,0,1),(46,2,14,5,0,0,1,1,0,0,0,0),(47,2,15,13,0,1,5,0,1,0,0,0),(48,2,16,3,1,0,0,0,1,0,0,1),(49,2,17,1,0,0,0,0,0,0,0,1),(50,2,18,1,0,0,0,0,0,0,0,1),(51,2,19,6,0,0,0,1,2,0,0,0),(52,2,20,3,0,1,0,0,1,0,0,0),(53,2,21,3,0,0,0,0,0,0,0,0),(54,2,22,1,0,0,1,0,0,0,0,0),(55,2,23,0,0,0,0,0,0,0,0,1),(56,2,24,0,0,0,0,0,0,0,0,0),(57,2,31,6,0,0,1,1,1,0,0,3),(58,2,32,2,0,0,0,0,2,0,0,0),(59,3,5,2,0,0,0,0,0,0,0,0),(60,3,6,1,0,0,0,0,0,0,0,0),(61,3,11,1,0,0,0,0,0,0,0,0),(62,4,1,33,15,0,6,2,1,0,0,2),(63,4,2,37,24,0,3,6,1,0,4,2),(64,4,3,30,13,1,2,4,2,0,0,1),(65,4,4,38,11,2,4,4,3,0,4,3),(66,4,5,29,12,1,4,6,1,0,1,2),(67,4,6,30,26,1,6,6,4,0,1,1),(68,4,7,36,15,1,0,4,4,0,0,5),(69,4,8,34,15,0,2,4,6,0,1,2),(70,4,9,36,18,1,4,6,3,0,2,3),(71,4,10,35,17,0,3,4,5,1,1,0),(72,4,11,33,23,0,5,5,4,0,0,1),(73,4,12,38,15,1,2,2,3,0,0,4),(74,4,13,28,10,0,2,5,2,0,0,2),(75,4,14,36,19,0,3,4,0,1,2,2),(76,4,15,31,15,0,3,3,3,0,1,1),(77,4,16,36,27,0,6,5,3,0,0,0),(78,4,17,36,24,0,5,7,2,1,0,4),(79,4,18,38,21,1,5,3,5,0,2,1),(80,4,19,38,20,0,4,6,4,0,3,1),(81,4,20,34,7,0,2,5,3,0,0,2),(82,4,21,38,18,0,4,5,2,0,1,5),(83,4,22,19,8,0,3,4,1,0,1,4),(84,4,23,34,11,0,2,3,1,0,0,2),(85,4,24,34,5,1,1,4,1,0,0,3),(86,4,25,38,12,0,4,6,6,1,1,2),(87,4,26,36,10,1,4,3,3,0,0,3),(88,4,27,40,17,0,3,8,1,1,1,4),(89,4,28,37,19,0,4,4,4,1,0,0),(90,4,29,37,15,0,2,0,5,0,1,3),(91,4,30,37,10,0,3,1,4,0,0,4),(92,4,31,36,21,0,2,5,2,1,2,0),(93,4,32,34,18,1,3,4,3,0,0,4),(94,4,33,37,9,0,4,6,1,0,0,4),(95,4,34,36,11,1,3,6,1,0,2,1),(96,5,1,19,15,3,1,1,1,3,1,5),(97,5,2,31,9,3,7,1,3,1,0,3),(98,5,3,21,17,4,8,0,2,2,1,3),(99,5,4,27,17,1,6,2,2,1,0,3),(100,5,5,25,21,3,4,0,3,4,0,4),(101,5,6,22,18,4,12,1,2,4,1,2),(102,5,7,32,14,4,7,2,3,2,0,1),(103,5,8,36,12,3,10,2,3,1,0,2),(104,5,9,33,9,3,10,1,4,2,1,2),(105,5,10,23,8,0,5,0,3,4,2,4),(106,5,11,27,11,2,3,3,1,4,1,2),(107,5,12,36,19,2,8,4,2,3,2,4),(108,5,13,30,19,4,8,3,3,1,0,2),(109,5,14,34,18,7,10,1,6,2,0,4),(110,5,15,24,10,1,8,5,2,2,2,3),(111,5,16,31,10,4,7,2,4,1,0,4),(112,5,17,37,25,5,8,3,1,1,0,4),(113,5,18,21,10,1,3,2,2,2,0,4),(114,5,19,33,13,3,12,4,2,1,1,3),(115,5,20,31,12,4,9,4,5,2,1,2),(116,5,21,31,19,2,8,0,4,0,2,1),(117,5,22,30,22,0,10,2,1,0,0,0),(118,5,23,25,13,4,6,0,4,2,1,4),(119,5,24,34,13,3,16,2,2,3,0,2),(120,5,25,34,12,2,10,4,2,0,0,4),(121,5,26,29,12,4,4,1,3,1,0,0),(122,5,27,30,11,5,6,2,3,2,1,3),(123,5,28,35,14,4,6,4,2,1,1,3),(124,5,29,27,9,2,6,2,5,1,0,3),(125,5,30,39,12,4,6,1,3,6,1,2),(126,5,31,25,11,4,7,3,3,0,0,3),(127,5,32,35,3,0,8,1,3,3,0,1),(128,5,33,36,14,2,11,4,1,2,2,2),(129,5,34,38,10,3,12,1,5,0,1,3),(130,6,1,11,2,2,2,0,0,2,0,0),(131,6,2,6,0,1,2,0,0,0,0,3),(132,6,3,17,4,2,5,4,0,0,3,1),(133,6,4,4,0,0,1,0,0,2,0,1),(134,6,5,13,2,0,2,0,2,0,1,3),(135,6,6,14,1,0,4,1,3,0,1,2),(136,6,7,2,0,0,0,0,0,0,0,0),(137,6,8,4,0,0,0,0,0,0,0,1),(138,6,9,2,3,0,0,0,0,0,0,1),(139,6,10,24,2,2,3,0,1,1,0,1),(140,6,11,15,4,2,1,0,1,1,1,1),(141,6,12,9,2,0,1,0,0,0,0,1),(142,6,13,22,8,4,6,0,1,2,0,2),(143,6,14,16,1,2,2,0,1,1,0,2),(144,6,15,13,3,1,5,0,0,0,0,3),(145,6,16,14,6,0,6,0,0,2,1,1),(146,6,17,17,0,1,1,2,0,0,1,0),(147,6,18,23,0,1,8,0,0,1,0,3),(148,6,19,11,1,0,1,0,0,0,0,2),(149,6,20,18,0,2,2,2,1,0,0,3),(150,6,21,7,0,0,4,0,1,0,0,3),(151,6,22,21,2,2,3,1,1,0,1,3),(152,6,23,21,0,1,7,0,1,0,0,2),(153,6,24,15,2,1,5,0,2,0,2,3),(154,6,25,9,0,0,2,1,0,1,0,3),(155,6,26,18,2,1,6,1,1,0,0,1),(156,6,27,8,2,0,1,0,1,0,2,1),(157,6,28,14,2,1,3,0,0,0,0,2),(158,6,29,9,0,0,1,0,1,0,0,3),(159,6,30,12,4,3,2,0,0,0,0,0),(160,6,31,11,0,0,1,0,0,1,0,2),(161,6,32,5,0,0,2,0,0,0,1,2),(162,6,33,6,0,1,0,0,0,0,0,0),(163,6,34,6,2,0,0,0,0,1,1,1),(164,7,2,5,0,0,0,0,0,0,0,0),(165,7,3,4,0,0,0,1,0,0,0,1),(166,7,4,1,0,1,0,0,0,0,0,0),(167,7,5,5,1,0,1,0,1,0,0,1),(168,7,6,3,0,0,0,1,0,0,0,0),(169,7,11,7,2,0,1,2,0,0,0,0),(170,7,13,1,0,0,0,0,0,0,0,0),(171,7,21,0,0,0,0,0,1,0,0,0),(172,7,23,1,0,0,0,0,0,0,0,0),(173,7,29,2,0,0,0,0,0,0,0,0),(174,8,1,23,7,0,3,1,3,0,1,3),(175,8,2,27,15,2,4,1,3,0,1,2),(176,8,3,25,13,1,1,4,3,0,1,0),(177,8,4,35,12,3,3,3,2,1,0,2),(178,8,5,22,10,0,3,5,1,0,3,1),(179,8,6,25,10,3,2,1,1,1,2,1),(180,8,7,34,8,0,4,1,2,0,0,3),(181,8,8,24,6,2,2,1,3,0,0,2),(182,8,9,34,12,2,2,1,1,2,1,2),(183,8,10,12,4,0,1,0,1,1,0,0),(184,8,12,22,7,1,1,0,1,0,0,4),(185,8,13,28,13,1,2,1,1,2,1,0),(186,8,14,23,6,0,0,2,1,0,0,3),(187,8,15,27,4,0,2,4,1,0,0,2),(188,8,16,26,0,1,2,2,0,0,0,2),(189,8,17,16,5,0,1,0,2,0,0,3),(190,8,18,28,8,1,3,2,1,1,0,1),(191,8,19,31,11,0,2,1,3,0,2,3),(192,8,20,19,10,1,0,1,0,0,0,3),(193,8,21,27,7,0,1,3,4,1,0,1),(194,8,22,28,8,2,3,1,2,2,0,0),(195,8,23,25,7,1,2,1,0,0,0,1),(196,8,24,21,2,1,2,1,1,0,0,4),(197,8,25,33,4,0,3,3,0,2,1,2),(198,8,26,15,2,0,1,1,4,0,0,3),(199,8,27,33,9,1,2,1,4,0,1,2),(200,8,28,32,11,3,5,2,2,1,2,1),(201,8,29,25,6,1,3,1,4,0,2,2),(202,8,30,34,10,1,2,4,0,0,0,3),(203,8,31,32,10,3,0,3,0,1,1,2),(204,8,32,33,14,0,3,5,1,0,2,3),(205,8,33,32,18,1,1,2,0,0,1,4),(206,8,34,33,10,3,2,2,2,1,0,0),(207,9,5,2,0,0,0,0,0,0,0,1),(208,9,6,3,1,0,1,0,1,0,0,2),(209,9,11,2,0,0,0,0,0,0,0,1),(210,9,22,2,0,0,0,0,0,0,0,0),(211,9,23,1,0,0,0,0,0,0,0,0),(212,10,1,31,19,9,4,1,2,2,0,2),(213,10,2,19,11,1,4,0,0,1,2,3),(214,10,3,23,12,1,4,1,0,1,0,0),(215,10,4,24,11,3,4,4,1,0,1,0),(216,10,5,24,16,6,4,5,4,0,1,1),(217,10,6,21,10,2,3,1,0,1,1,2),(218,10,7,27,6,1,4,3,0,0,0,1),(219,10,8,33,16,2,6,0,1,0,1,3),(220,10,9,23,7,5,4,1,0,1,0,3),(221,10,10,12,1,0,3,1,3,3,1,4),(222,10,11,30,20,2,6,1,0,2,1,0),(223,10,12,35,14,3,5,1,1,3,0,3),(224,10,14,25,15,3,1,1,2,0,0,3),(225,10,15,26,16,1,5,1,0,1,1,2),(226,10,16,33,21,2,6,1,0,0,2,4),(227,10,17,25,2,5,5,0,2,1,1,1),(228,10,18,32,11,4,3,0,1,1,0,1),(229,10,19,30,10,1,5,0,4,0,0,2),(230,10,20,26,6,0,3,1,0,1,0,2),(231,10,21,27,11,2,5,1,0,1,0,1),(232,10,22,24,14,2,7,0,1,1,0,0),(233,10,23,26,5,2,2,1,3,1,0,3),(234,10,24,31,18,6,5,1,2,2,0,3),(235,10,25,34,16,3,1,1,1,2,0,1),(236,10,26,30,8,0,5,0,1,1,0,3),(237,10,27,14,4,1,3,0,3,2,0,3),(238,10,28,23,5,1,3,0,4,2,0,3),(239,10,29,30,9,4,2,0,1,1,0,2),(240,10,30,20,11,3,2,0,0,0,0,2),(241,10,31,35,19,3,8,1,1,3,2,0),(242,10,32,24,8,1,4,0,1,0,0,0),(243,10,33,30,19,8,4,0,1,1,0,3),(244,10,34,29,15,3,5,1,1,5,0,4),(245,11,1,10,0,1,1,0,1,0,0,0),(246,11,2,11,0,0,1,0,1,0,0,2),(247,11,3,16,7,1,2,0,1,0,1,2),(248,11,4,8,0,1,0,0,0,0,0,1),(249,11,5,19,13,1,3,1,0,0,1,0),(250,11,6,15,7,1,1,2,0,0,1,3),(251,11,7,8,2,0,0,0,1,0,0,1),(252,11,8,8,0,0,1,0,1,0,0,0),(253,11,9,10,0,0,0,1,2,0,0,2),(254,11,10,17,8,0,1,0,0,0,0,1),(255,11,11,19,10,0,2,1,1,0,0,1),(256,11,12,8,2,0,2,0,1,0,0,0),(257,11,13,19,3,0,3,1,1,0,1,3),(258,11,14,16,0,0,2,1,0,0,1,0),(259,11,15,21,11,0,0,1,1,0,2,2),(260,11,16,23,4,0,3,2,1,0,0,0),(261,11,17,11,3,0,0,1,1,0,0,0),(262,11,18,8,0,0,2,0,0,0,0,1),(263,11,19,8,3,0,0,1,1,0,0,0),(264,11,20,14,0,1,1,1,0,0,0,2),(265,11,21,20,4,0,0,0,1,0,0,3),(266,11,22,13,5,0,2,0,1,0,0,2),(267,11,23,5,2,0,0,1,0,0,1,1),(268,11,24,12,6,0,3,0,1,0,0,1),(269,11,25,6,0,0,1,0,0,0,0,0),(270,11,26,9,3,0,0,0,0,0,0,0),(271,11,27,6,3,0,1,0,0,0,0,2),(272,11,28,19,14,0,1,1,1,0,0,1),(273,11,29,17,5,0,2,1,0,0,0,1),(274,11,30,8,0,0,0,0,0,0,0,0),(275,11,31,6,2,0,1,1,0,0,0,0),(276,11,32,9,0,1,0,0,0,0,0,0),(277,11,33,5,0,0,0,0,0,0,0,1),(278,11,34,4,0,0,0,0,0,0,0,1),(279,12,3,1,0,0,0,0,0,0,0,0),(280,12,5,2,2,0,0,0,0,0,0,0),(281,12,6,2,0,0,0,0,0,0,0,0),(282,12,11,2,0,0,0,0,0,0,0,0),(283,12,22,1,0,0,0,0,0,0,0,1),(284,12,23,1,0,0,0,0,0,0,0,0),(285,12,31,1,0,0,0,0,0,0,0,0),(286,13,1,4,2,0,0,0,1,0,0,0),(287,13,3,5,2,2,3,0,0,0,0,0),(288,13,5,8,0,1,1,0,0,1,0,1),(289,13,6,4,0,0,1,0,0,0,0,0),(290,13,9,3,0,0,0,0,1,0,0,0),(291,13,10,6,0,0,0,0,0,2,0,0),(292,13,11,3,0,0,1,0,0,0,0,0),(293,13,13,7,0,0,1,0,0,0,0,0),(294,13,15,2,0,0,1,0,0,0,0,1),(295,13,22,3,2,1,0,0,1,0,0,1),(296,13,23,4,0,0,1,0,0,0,0,1),(297,13,25,1,0,0,0,0,0,0,0,0),(298,13,26,2,0,0,0,0,1,0,0,0),(299,13,27,6,0,1,1,0,0,0,0,3),(300,13,28,1,0,0,0,0,0,0,0,0),(301,13,29,5,0,0,1,0,0,0,0,0),(302,13,30,1,0,0,0,0,0,0,0,0),(303,13,31,3,0,0,0,0,0,0,0,1),(304,13,33,3,2,0,0,0,0,0,0,1),(305,13,34,0,0,0,0,0,1,0,0,1),(306,13,3,1,0,0,0,1,0,0,0,0),(307,14,5,2,0,0,0,0,1,0,0,0),(308,14,6,3,4,0,1,0,1,0,0,1),(309,14,11,2,0,0,0,0,0,1,0,0),(310,14,23,1,0,0,0,0,0,0,0,0),(311,15,1,37,7,0,7,3,1,0,5,0),(312,15,2,29,12,0,4,2,0,1,1,2),(313,15,3,27,14,1,3,4,1,0,2,2),(314,15,4,23,13,2,3,0,0,0,0,2),(315,15,5,20,8,0,2,0,2,0,0,2),(316,15,6,27,7,1,3,1,1,0,2,1),(317,15,7,24,13,2,2,0,0,0,0,4),(318,15,8,26,9,1,2,0,1,0,0,2),(319,15,9,30,9,2,0,0,2,0,2,1),(320,15,10,30,10,2,4,1,0,1,2,3),(321,15,11,29,11,3,3,0,0,0,0,2),(322,15,12,18,2,0,1,1,2,0,1,2),(323,15,13,28,9,0,3,1,1,1,0,1),(324,15,14,17,8,0,0,0,0,0,1,2),(325,15,15,18,7,0,4,1,1,0,0,1),(326,15,16,14,7,0,1,0,1,1,0,3),(327,15,17,25,5,4,0,0,0,0,0,0),(328,15,18,17,3,0,0,0,0,0,0,0),(329,15,19,23,11,0,3,0,1,0,1,2),(330,15,20,25,15,4,2,0,2,1,1,0),(331,15,21,26,8,2,0,0,3,0,1,2),(332,15,22,26,1,0,1,3,2,0,1,1),(333,15,23,21,5,1,4,0,1,0,0,1),(334,15,24,25,6,0,3,1,0,0,0,2),(335,15,25,17,11,0,3,1,0,0,1,1),(336,15,26,28,15,3,3,3,2,0,0,1),(337,15,27,29,9,0,2,1,0,0,1,2),(338,15,28,29,7,0,3,0,2,0,0,1),(339,15,29,21,11,3,2,2,0,0,1,2),(340,15,30,16,5,0,2,0,0,0,0,4),(341,15,31,17,2,1,4,0,1,0,0,1),(342,15,32,23,6,1,1,1,0,1,1,4),(343,15,33,17,5,0,2,0,0,0,0,2),(344,15,34,19,11,1,2,1,0,0,2,2),(345,16,35,27,12,0,3,1,1,0,0,0),(346,16,36,31,13,1,2,2,1,0,0,1),(347,16,37,20,6,0,0,5,4,0,0,1),(348,16,38,25,13,1,2,0,1,0,0,3),(349,16,39,25,8,0,1,3,1,0,0,2),(350,16,40,27,13,0,2,2,1,0,1,1),(351,16,41,28,13,1,2,1,4,0,0,1),(352,16,42,36,9,1,3,2,2,0,0,1),(353,16,43,32,14,1,4,5,0,0,2,1),(354,16,44,28,5,0,2,2,1,0,0,0),(355,16,45,27,15,3,3,2,3,0,0,2),(356,16,46,25,3,1,2,1,2,0,0,0),(357,16,47,22,8,0,2,1,1,0,0,1),(358,16,48,21,7,0,1,0,0,0,1,1),(359,16,49,23,9,1,3,4,3,0,0,1),(360,16,50,27,2,0,5,1,4,1,0,2),(361,16,51,29,2,1,1,2,2,0,0,1),(362,16,52,31,5,0,0,1,4,0,1,0),(363,16,53,26,5,0,1,4,0,0,1,0),(364,16,54,31,5,0,2,6,0,0,1,0),(365,16,55,35,6,0,3,3,2,0,0,1),(366,16,56,30,0,0,6,4,1,0,0,1),(367,16,57,29,12,0,5,3,2,0,1,1),(368,16,58,32,16,0,3,5,2,0,1,1),(369,16,59,26,9,1,2,2,1,1,1,0),(370,16,60,29,3,1,0,3,0,0,0,0),(371,16,61,34,16,0,3,2,0,0,1,2),(372,16,62,26,5,0,2,2,0,0,0,1),(373,16,63,21,3,0,0,2,0,0,0,0),(374,16,64,25,8,0,5,4,1,0,0,0),(375,16,65,34,19,2,5,2,2,0,1,3),(376,17,35,1,0,0,0,0,0,0,0,0),(377,17,37,3,2,0,1,0,0,0,0,0),(378,17,39,2,0,0,0,0,0,0,0,0),(379,17,65,0,0,0,0,0,0,0,0,0),(380,18,35,29,12,1,3,5,2,1,0,0),(381,18,36,37,14,0,3,5,1,1,2,3),(382,18,37,24,11,0,6,7,3,0,0,1),(383,18,38,29,12,1,2,5,1,0,1,0),(384,18,39,24,16,0,1,1,3,0,1,3),(385,18,40,35,30,0,1,4,3,0,1,3),(386,18,41,33,20,0,2,5,4,0,3,3),(387,18,42,38,22,1,5,4,1,0,3,0),(388,18,43,31,9,0,2,2,1,1,0,1),(389,18,44,40,20,1,6,6,2,0,3,2),(390,18,45,37,16,0,6,3,4,0,1,1),(391,18,46,38,16,1,2,3,5,0,2,4),(392,18,47,32,19,0,1,4,0,0,1,2),(393,18,48,34,13,2,4,6,0,0,1,0),(394,18,49,35,20,0,6,2,3,0,0,1),(395,18,50,36,9,1,3,3,3,1,0,1),(396,18,51,38,16,0,3,3,1,0,0,1),(397,18,52,35,5,1,3,7,5,1,0,3),(398,18,53,37,12,0,1,6,1,0,0,4),(399,18,54,36,18,1,1,4,0,0,1,2),(400,18,55,37,31,1,5,6,2,0,1,3),(401,18,56,36,17,0,4,3,3,0,1,3),(402,18,57,33,20,1,3,6,2,0,1,3),(403,18,58,39,13,0,1,10,3,0,2,0),(404,18,59,37,24,0,4,2,2,0,2,2),(405,18,60,37,19,1,1,5,0,0,0,0),(406,18,61,31,10,0,3,7,3,0,0,5),(407,18,62,37,10,3,3,9,1,0,3,4),(408,18,63,36,13,0,4,3,4,0,0,1),(409,18,64,35,19,1,3,3,3,0,0,3),(410,18,65,40,20,0,4,8,3,0,0,4),(411,19,35,3,3,0,1,0,0,0,0,1),(412,19,37,12,7,0,1,3,0,0,0,1),(413,19,38,13,1,0,3,2,0,0,0,1),(414,19,39,9,3,0,0,2,1,0,0,3),(415,19,40,5,2,1,0,0,0,0,0,0),(416,19,41,2,0,0,1,0,0,0,0,0),(417,19,42,4,2,1,0,0,0,0,0,0),(418,19,43,11,3,0,0,1,0,0,0,0),(419,19,44,4,0,0,0,0,1,0,0,1),(420,19,45,3,0,0,0,0,1,0,0,0),(421,19,46,2,0,0,0,0,0,0,0,0),(422,19,47,4,0,0,1,1,0,0,0,0),(423,19,48,1,0,0,0,0,0,0,0,0),(424,19,50,2,0,0,0,0,0,0,0,0),(425,19,61,5,0,0,0,0,0,0,0,2),(426,19,62,9,1,1,0,0,0,0,0,1),(427,19,63,10,5,0,1,0,1,0,0,0),(428,19,64,13,1,0,0,0,0,0,0,1),(429,20,35,15,3,1,3,0,0,1,0,1),(430,20,36,7,3,1,1,0,1,1,0,0),(431,20,37,9,5,1,1,0,0,0,0,4),(432,20,38,21,13,4,3,1,0,0,0,3),(433,20,39,13,5,1,3,0,1,1,0,2),(434,20,40,6,0,2,0,0,1,0,0,3),(435,20,41,2,0,1,0,0,0,0,0,1),(436,20,43,2,2,0,1,0,0,0,0,0),(437,20,44,3,0,0,0,0,0,0,0,0),(438,20,45,14,2,0,1,0,0,0,0,0),(439,20,46,16,0,1,4,2,1,0,1,1),(440,20,47,5,0,0,0,0,0,0,1,0),(441,20,48,7,0,2,1,0,1,1,0,1),(442,20,49,3,0,0,0,0,1,1,0,1),(443,20,50,7,4,0,2,0,0,1,0,2),(444,20,51,7,1,2,1,1,1,0,0,0),(445,20,52,7,0,0,1,0,0,1,0,1),(446,20,53,11,3,0,5,0,0,0,1,1),(447,20,54,7,4,1,0,0,0,0,0,2),(448,20,55,3,0,0,0,0,0,1,0,0),(449,20,56,4,2,0,0,0,0,0,0,0),(450,20,57,3,0,0,0,0,0,0,0,1),(451,20,59,8,0,0,1,0,0,0,0,3),(452,20,60,2,0,1,1,0,1,0,0,1),(453,20,61,1,0,0,0,0,0,0,0,0),(454,20,62,4,0,0,0,0,0,0,0,0),(455,20,63,8,3,2,2,0,0,0,1,1),(456,20,64,5,0,2,1,0,1,0,0,0),(457,20,65,4,0,1,1,0,0,0,0,0),(458,21,47,14,6,2,3,1,1,1,0,1),(459,21,48,8,2,0,3,0,0,1,0,4),(460,21,49,4,0,1,1,0,2,2,0,1),(461,21,50,7,0,1,1,1,2,0,0,1),(462,21,51,5,0,0,1,0,0,0,1,2),(463,21,52,2,0,0,0,0,0,0,0,1),(464,21,56,2,0,1,0,0,0,0,0,0),(465,21,58,5,2,2,0,0,1,1,0,2),(466,21,60,2,0,0,0,0,0,0,0,1),(467,21,61,10,0,1,1,0,0,0,0,3),(468,21,62,2,0,0,0,0,0,0,0,0),(469,21,64,4,0,0,1,0,0,0,0,2),(470,22,35,2,0,0,0,2,0,0,0,0),(471,22,37,6,5,0,1,0,0,1,0,1),(472,22,38,2,0,0,0,0,0,0,0,0),(473,22,39,2,0,0,0,0,0,0,0,0),(474,22,41,3,0,0,0,0,0,0,0,0),(475,22,43,2,0,0,0,0,0,0,0,1),(476,22,46,5,0,0,0,0,1,0,1,0),(477,22,47,2,4,0,0,0,0,0,0,1),(478,22,48,2,0,0,0,0,0,0,0,0),(479,22,50,4,0,1,0,0,0,0,0,0),(480,23,35,23,15,2,3,4,0,0,3,0),(481,23,36,30,4,1,3,2,5,0,1,1),(482,23,37,21,14,1,6,1,1,1,2,1),(483,23,38,22,4,0,1,2,0,0,1,1),(484,23,39,21,2,0,5,2,2,0,0,3),(485,23,40,23,3,1,4,1,3,1,0,3),(486,23,41,32,13,6,6,0,3,1,0,4),(487,23,42,32,17,3,7,3,0,1,0,1),(488,23,43,27,10,1,6,4,3,0,1,2),(489,23,44,27,10,2,3,1,3,0,0,3),(490,23,45,23,8,0,4,1,3,0,1,3),(491,23,46,21,3,0,2,1,3,0,0,4),(492,23,47,25,5,1,6,5,3,1,0,2),(493,23,48,29,12,0,3,0,1,0,1,1),(494,23,49,24,10,0,3,3,2,0,2,4),(495,23,50,29,7,2,4,2,1,0,3,1),(496,23,51,17,2,0,4,0,4,0,0,3),(497,23,52,30,4,2,2,2,2,0,0,2),(498,23,53,22,5,0,0,1,0,0,0,3),(499,23,54,24,10,2,4,1,1,0,0,4),(500,23,55,31,10,2,2,2,1,2,0,4),(501,23,56,35,14,2,4,1,2,0,0,1),(502,23,57,33,15,2,3,4,5,1,4,2),(503,23,58,29,9,0,0,3,4,0,0,4),(504,23,59,33,1,0,3,6,3,0,1,3),(505,23,60,35,13,1,6,7,2,0,1,2),(506,23,61,33,8,1,2,3,2,0,0,3),(507,23,62,32,13,5,4,1,3,1,1,3),(508,23,63,28,8,1,2,1,1,0,1,4),(509,23,64,30,9,2,2,1,0,0,0,2),(510,23,65,35,7,0,1,1,2,0,1,1),(511,24,35,18,9,4,2,1,0,0,1,0),(512,24,36,14,5,1,0,0,1,0,0,3),(513,24,37,16,3,2,2,0,1,0,1,2),(514,24,38,12,2,0,3,0,1,1,0,1),(515,24,39,16,7,4,1,0,0,0,0,0),(516,24,40,20,5,2,3,0,0,1,0,3),(517,24,41,19,5,0,1,0,0,0,1,0),(518,24,42,14,7,0,0,1,0,0,2,1),(519,24,43,16,4,1,2,2,0,0,0,1),(520,24,44,27,2,2,2,0,0,0,1,3),(521,24,45,17,3,0,2,0,1,0,0,2),(522,24,46,16,2,0,5,0,0,0,0,2),(523,24,47,22,9,7,0,1,2,0,0,0),(524,24,48,18,9,0,0,1,0,0,1,3),(525,24,49,33,7,2,3,2,1,0,0,1),(526,24,50,25,7,1,2,2,1,0,2,1),(527,24,51,27,2,1,6,0,1,0,0,3),(528,24,52,25,13,2,4,0,0,1,0,2),(529,24,53,16,3,0,1,0,0,0,0,0),(530,24,54,24,3,1,2,0,1,1,0,2),(531,24,55,14,3,1,3,0,2,0,0,1),(532,24,56,22,2,0,3,1,1,0,0,1),(533,24,57,25,7,0,3,1,0,0,0,3),(534,24,58,33,10,2,8,0,1,0,1,4),(535,24,59,34,9,2,3,1,0,0,2,2),(536,24,60,20,12,0,2,0,2,0,0,3),(537,24,61,29,10,1,3,0,0,0,0,4),(538,24,62,32,11,3,4,0,0,0,0,2),(539,24,63,27,10,1,2,1,0,0,0,4),(540,24,64,22,0,1,0,2,0,0,1,2),(541,24,65,18,2,0,0,1,0,0,1,1),(542,25,35,25,16,4,7,0,2,3,0,0),(543,25,36,34,19,4,7,0,3,2,1,3),(544,25,37,26,8,4,3,0,1,3,3,1),(545,25,38,25,17,3,5,0,2,2,1,3),(546,25,39,28,12,2,8,2,1,0,0,2),(547,25,40,29,12,3,6,3,1,3,2,3),(548,25,41,30,15,5,5,1,3,0,0,3),(549,25,42,21,8,3,3,2,2,3,1,4),(550,25,43,28,15,4,12,3,1,5,0,2),(551,25,44,33,14,6,7,0,2,3,2,3),(552,25,45,28,12,5,6,1,3,3,1,5),(553,25,46,31,11,3,6,0,3,2,0,3),(554,25,47,28,11,3,7,1,3,2,1,0),(555,25,48,25,19,3,5,0,1,1,0,3),(556,25,49,35,11,0,7,0,1,2,0,3),(557,25,50,29,13,1,4,0,2,2,1,0),(558,25,51,35,18,5,4,0,1,0,0,1),(559,25,52,38,18,4,6,1,1,4,0,1),(560,25,53,37,25,4,7,1,1,1,2,4),(561,25,54,35,29,4,7,2,2,2,1,1),(562,25,55,38,18,3,11,0,1,5,0,3),(563,25,56,37,14,1,14,0,2,6,1,2),(564,25,57,36,11,1,10,0,1,1,0,3),(565,25,58,34,16,1,12,1,3,1,0,3),(566,25,59,32,17,2,8,1,2,1,0,2),(567,25,60,38,22,6,13,0,0,2,2,1),(568,25,61,29,8,2,5,0,4,3,1,3),(569,25,62,24,16,4,8,0,0,2,1,4),(570,25,63,39,20,4,8,3,1,2,0,2),(571,25,64,35,16,2,8,2,2,3,0,1),(572,25,65,35,18,3,8,1,1,4,1,4),(573,26,35,16,8,1,0,0,0,0,0,0),(574,26,36,3,0,0,1,0,1,0,0,0),(575,26,37,11,0,0,2,2,1,0,0,2),(576,26,38,10,1,0,0,1,0,0,0,0),(577,26,39,11,6,0,0,1,0,0,0,1),(578,26,40,2,0,0,0,0,1,0,0,0),(579,26,41,1,0,0,0,0,0,0,0,1),(580,26,43,7,0,0,0,1,0,0,1,0),(581,26,44,3,0,1,0,1,0,0,0,0),(582,26,45,1,0,0,0,0,1,0,0,0),(583,26,47,11,3,0,0,0,2,0,0,1),(584,26,48,12,0,1,0,1,3,0,1,0),(585,26,49,9,3,0,1,0,0,0,0,0),(586,26,50,14,5,1,0,1,1,0,1,3),(587,26,51,8,0,0,1,0,1,0,0,1),(588,26,52,4,0,0,0,0,0,0,0,1),(589,26,53,16,6,0,1,1,1,0,1,2),(590,26,54,11,0,0,0,1,0,0,0,0),(591,26,55,11,0,0,5,2,1,0,0,1),(592,26,56,7,2,0,0,0,0,0,0,0),(593,26,57,6,0,0,0,0,0,0,0,0),(594,26,58,8,0,0,1,0,1,0,0,0),(595,26,59,1,0,0,1,0,0,0,0,1),(596,26,60,8,0,0,1,0,0,0,0,0),(597,26,61,0,0,0,0,0,0,0,0,0),(598,26,64,11,6,0,4,0,1,1,0,3),(599,26,65,2,0,0,0,0,0,0,0,0),(600,27,36,1,0,0,0,0,0,0,0,0),(601,27,37,6,2,0,1,0,0,1,0,0),(602,27,43,2,2,0,0,0,0,0,0,0),(603,27,47,2,3,0,0,0,0,0,0,0),(604,27,48,6,0,0,1,0,0,0,0,1),(605,27,49,2,0,0,0,0,0,0,0,2),(606,27,50,3,2,1,1,0,0,0,0,0),(607,27,53,2,1,0,0,0,0,0,0,0),(608,27,54,6,0,0,0,0,0,0,0,2),(609,27,55,1,0,0,0,0,0,0,0,2),(610,27,56,1,0,0,0,0,0,0,0,0),(611,27,57,4,0,0,0,0,0,0,0,0),(612,27,59,1,0,0,0,0,0,0,0,0),(613,27,62,6,2,1,1,0,0,0,0,3),(614,27,64,6,4,2,0,0,0,0,0,1),(615,27,65,5,2,0,0,0,0,0,0,1),(616,28,35,1,0,0,0,0,0,0,0,0),(617,28,37,3,0,0,0,0,0,0,0,0),(618,28,38,1,3,0,0,0,0,0,0,0),(619,28,39,1,0,0,0,0,0,0,0,0),(620,28,43,1,0,0,0,0,0,0,0,0),(621,28,47,1,1,0,0,0,0,0,0,0),(622,28,65,0,0,0,0,0,0,0,0,0),(623,29,35,25,9,2,3,2,2,3,3,1),(624,29,36,33,13,1,12,4,1,0,3,3),(625,29,37,20,10,0,2,1,2,0,3,0),(626,29,38,24,6,0,3,1,2,1,2,1),(627,29,39,31,15,1,2,1,0,0,1,1),(628,29,40,33,5,1,3,2,3,0,0,1),(629,29,41,36,13,2,7,2,0,1,2,0),(630,29,42,36,15,2,4,1,4,0,0,2),(631,29,43,29,11,2,5,0,2,3,0,1),(632,29,44,27,8,0,5,0,2,1,0,3),(633,29,45,34,13,3,5,2,1,0,0,3),(634,29,46,36,11,2,5,1,1,0,1,4),(635,29,47,32,15,1,8,0,4,0,0,1),(636,29,48,28,13,1,7,2,1,0,0,2),(637,29,49,32,7,1,3,2,3,0,1,2),(638,29,50,17,0,0,0,1,3,0,1,3),(639,29,51,34,13,1,4,1,3,0,1,2),(640,29,52,28,12,2,5,3,0,0,1,1),(641,29,53,33,17,3,2,3,3,1,2,1),(642,29,54,26,8,0,3,0,1,0,0,2),(643,29,55,30,14,3,2,1,1,0,0,3),(644,29,56,26,5,2,4,2,2,1,0,2),(645,29,57,31,10,0,1,2,0,0,0,3),(646,29,58,20,6,0,2,1,2,0,0,0),(647,29,59,28,7,1,5,3,1,0,0,1),(648,29,60,29,7,2,5,2,0,0,0,0),(649,29,61,28,20,1,2,0,1,0,1,2),(650,29,62,28,16,1,2,2,3,2,3,0),(651,29,63,31,4,0,1,1,2,0,0,0),(652,29,64,14,4,0,1,1,0,0,0,2),(653,29,65,27,15,0,3,0,0,0,1,1);
/*!40000 ALTER TABLE `game_stats` ENABLE KEYS */;
UNLOCK TABLES;

--
-- Table structure for table `game_team_shooting`
--

DROP TABLE IF EXISTS `game_team_shooting`;
/*!40101 SET @saved_cs_client     = @@character_set_client */;
/*!50503 SET character_set_client = utf8mb4 */;
CREATE TABLE `game_team_shooting` (
  `game_id` int NOT NULL,
  `fg_made` int DEFAULT NULL,
  `fg_attempted` int DEFAULT NULL,
  `three_point_made` int DEFAULT NULL,
  `three_point_attempted` int DEFAULT NULL,
  `ft_made` int DEFAULT NULL,
  `ft_attempted` int DEFAULT NULL,
  PRIMARY KEY (`game_id`),
  CONSTRAINT `fk_game_team_shooting_schedule1` FOREIGN KEY (`game_id`) REFERENCES `schedule` (`game_id`)
) ENGINE=InnoDB DEFAULT CHARSET=utf8;
/*!40101 SET character_set_client = @saved_cs_client */;

--
-- Dumping data for table `game_team_shooting`
--

LOCK TABLES `game_team_shooting` WRITE;
/*!40000 ALTER TABLE `game_team_shooting` DISABLE KEYS */;
INSERT INTO `game_team_shooting` VALUES (1,25,62,2,19,21,30),(2,25,59,5,23,23,27),(3,31,66,10,30,10,16),(4,33,64,7,22,7,13),(5,38,61,7,19,9,15),(6,35,61,9,16,25,36),(7,27,50,7,17,10,16),(8,22,45,4,14,18,25),(9,20,57,9,27,11,14),(10,21,47,8,25,5,7),(11,33,68,11,21,17,19),(12,27,58,8,25,12,20),(13,25,53,7,20,21,25),(14,28,60,8,17,10,14),(15,28,58,7,20,14,20),(16,26,48,6,10,24,27),(17,26,63,8,25,18,22),(18,16,47,8,16,24,29),(19,25,43,11,17,14,16),(20,21,61,9,26,4,7),(21,20,45,6,19,21,24),(22,25,54,7,16,13,16),(23,25,56,8,20,3,8),(24,22,58,7,20,9,18),(25,26,52,8,27,10,15),(26,20,55,6,22,6,8),(27,22,53,12,28,10,12),(28,23,47,6,17,20,25),(29,23,56,2,19,13,15),(30,25,58,6,20,6,10),(31,26,62,7,20,10,12),(32,18,50,6,20,19,23),(33,30,69,6,22,13,20),(34,21,63,9,28,16,23),(35,37,76,5,27,16,24),(36,25,56,6,19,17,24),(37,30,57,8,26,12,17),(38,26,59,8,21,14,25),(39,25,62,6,22,30,38),(40,24,56,10,26,18,23),(41,24,60,7,20,25,40),(42,31,65,10,29,12,16),(43,27,67,8,29,10,14),(44,21,63,8,31,9,11),(45,19,57,8,23,23,28),(46,14,52,5,21,15,20),(47,26,55,7,14,25,32),(48,24,62,6,24,21,25),(49,21,46,8,18,17,24),(50,17,52,4,22,11,20),(51,19,47,7,22,9,13),(52,21,51,7,24,8,11),(53,19,54,13,33,26,29),(54,27,56,12,29,11,18),(55,26,57,7,25,23,26),(56,18,53,8,27,12,25),(57,26,56,10,26,13,15),(58,25,52,7,23,15,22),(59,23,56,9,25,12,15),(60,25,61,8,30,18,22),(61,23,51,10,29,16,19),(62,25,66,6,28,18,22),(63,23,54,6,20,14,21),(64,25,65,6,32,11,15),(65,28,50,8,20,19,25);
/*!40000 ALTER TABLE `game_team_shooting` ENABLE KEYS */;
UNLOCK TABLES;

--
-- Table structure for table `game_team_stats`
--

DROP TABLE IF EXISTS `game_team_stats`;
/*!40101 SET @saved_cs_client     = @@character_set_client */;
/*!50503 SET character_set_client = utf8mb4 */;
CREATE TABLE `game_team_stats` (
  `game_id` int NOT NULL,
  `maryland_score` int DEFAULT NULL,
  `opposing_score` int DEFAULT NULL,
  `off_reb` int DEFAULT NULL,
  `def_reb` int DEFAULT NULL,
  `assists` int DEFAULT NULL,
  `turnovers` int DEFAULT NULL,
  `blocks` int DEFAULT NULL,
  `steals` int DEFAULT NULL,
  `fouls` int DEFAULT NULL,
  PRIMARY KEY (`game_id`),
  CONSTRAINT `fk_game_team_stats_schedule1` FOREIGN KEY (`game_id`) REFERENCES `schedule` (`game_id`)
) ENGINE=InnoDB DEFAULT CHARSET=utf8;
/*!40101 SET character_set_client = @saved_cs_client */;

--
-- Dumping data for table `game_team_stats`
--

LOCK TABLES `game_team_stats` WRITE;
/*!40000 ALTER TABLE `game_team_stats` DISABLE KEYS */;
INSERT INTO `game_team_stats` VALUES (1,73,67,15,41,13,12,7,9,14),(2,78,57,9,36,12,10,4,8,18),(3,82,59,13,42,24,12,3,8,13),(4,80,69,14,37,16,11,4,5,16),(5,92,77,12,38,23,18,5,7,19),(6,104,67,12,50,15,19,7,10,16),(7,71,76,8,30,12,13,2,0,16),(8,66,59,8,35,9,17,1,2,14),(9,60,62,13,34,10,16,5,7,15),(10,55,41,4,27,10,15,13,6,13),(11,94,71,10,37,19,8,8,4,10),(12,74,78,7,30,13,10,8,3,20),(13,78,64,10,39,15,12,6,3,13),(14,74,72,12,35,11,13,4,4,17),(15,77,63,4,37,15,11,3,6,18),(16,82,67,7,39,13,11,4,3,18),(17,78,75,15,38,13,9,3,2,15),(18,64,60,8,33,7,10,5,3,12),(19,75,61,4,32,14,18,2,8,15),(20,55,69,14,38,17,12,4,2,14),(21,67,78,6,30,11,21,2,4,17),(22,70,52,7,39,15,11,3,3,14),(23,61,69,9,35,8,12,5,2,18),(24,60,45,12,53,10,10,5,2,19),(25,70,56,5,34,17,11,8,3,13),(26,52,65,10,37,11,16,2,1,12),(27,66,65,8,31,16,13,5,7,22),(28,72,62,9,36,12,15,5,3,11),(29,61,78,10,32,7,16,2,4,16),(30,62,69,11,30,8,9,6,1,17),(31,69,60,11,36,14,9,6,5,14),(32,61,69,5,29,13,11,5,4,16),(33,79,77,14,39,12,5,4,3,18),(34,67,69,13,41,12,11,7,6,13),(35,95,71,17,45,15,8,8,8,6),(36,73,55,10,41,14,16,5,7,21),(37,80,50,8,39,19,13,6,10,17),(38,74,55,12,38,13,8,6,6,13),(39,86,63,14,41,12,10,4,2,19),(40,76,69,10,32,12,14,6,4,20),(41,80,73,15,44,9,15,3,6,15),(42,84,63,12,40,13,10,4,6,13),(43,72,51,10,45,18,7,10,4,11),(44,59,58,12,38,12,11,4,6,17),(45,69,76,14,44,9,20,3,4,16),(46,48,52,9,38,8,16,5,5,18),(47,84,70,14,42,14,16,4,3,9),(48,75,59,9,34,10,7,3,5,16),(49,67,55,5,32,13,16,5,3,16),(50,49,67,9,31,11,17,5,8,14),(51,54,56,10,35,7,14,0,2,14),(52,57,50,11,32,14,12,7,2,12),(53,77,66,7,25,16,6,2,7,15),(54,77,76,9,28,14,5,3,3,15),(55,82,72,10,41,14,10,8,1,18),(56,56,51,6,41,11,11,7,2,10),(57,75,66,4,29,16,10,2,6,16),(58,72,70,5,32,20,17,2,4,14),(59,67,60,6,33,15,9,2,6,14),(60,76,67,12,41,17,5,2,3,8),(61,72,79,6,25,12,10,3,3,24),(62,74,73,18,42,14,7,5,8,18),(63,66,78,8,28,11,9,2,2,12),(64,67,78,10,35,13,8,4,1,17),(65,83,70,6,28,13,8,4,5,15);
/*!40000 ALTER TABLE `game_team_stats` ENABLE KEYS */;
UNLOCK TABLES;

--
-- Table structure for table `player_totals`
--

DROP TABLE IF EXISTS `player_totals`;
/*!40101 SET @saved_cs_client     = @@character_set_client */;
/*!50503 SET character_set_client = utf8mb4 */;
CREATE TABLE `player_totals` (
  `player_id` int NOT NULL,
  `games` int DEFAULT NULL,
  `games_started` int DEFAULT NULL,
  `minutes` int DEFAULT NULL,
  `off_reb` int DEFAULT NULL,
  `def_reb` int DEFAULT NULL,
  `assists` int DEFAULT NULL,
  `steals` int DEFAULT NULL,
  `blocks` int DEFAULT NULL,
  `turnovers` int DEFAULT NULL,
  `points` int DEFAULT NULL,
  PRIMARY KEY (`player_id`),
  CONSTRAINT `fk_player_totals_players1` FOREIGN KEY (`player_id`) REFERENCES `players` (`player_id`)
) ENGINE=InnoDB DEFAULT CHARSET=utf8;
/*!40101 SET character_set_client = @saved_cs_client */;

--
-- Dumping data for table `player_totals`
--

LOCK TABLES `player_totals` WRITE;
/*!40000 ALTER TABLE `player_totals` DISABLE KEYS */;
INSERT INTO `player_totals` VALUES (1,34,33,987,9,90,72,10,10,55,292),(2,24,1,96,5,14,6,0,1,15,7),(3,3,0,4,0,0,0,0,0,0,0),(4,34,34,1179,13,113,150,31,7,94,531),(5,34,33,1021,100,262,68,22,64,95,462),(6,34,0,417,30,89,12,15,15,18,55),(7,10,0,29,1,2,4,0,0,2,3),(8,33,31,884,35,68,61,22,16,54,279),(9,5,0,10,0,1,0,0,0,1,1),(10,33,33,876,90,135,29,14,40,41,386),(11,34,0,408,7,36,17,8,0,18,117),(12,7,0,10,0,0,0,0,0,0,2),(13,20,1,71,5,11,0,0,3,5,8),(14,5,0,9,0,1,1,0,1,2,4),(15,34,4,801,34,79,27,26,6,27,282),(16,31,20,862,15,75,77,12,2,46,264),(17,5,0,6,0,1,0,0,0,0,2),(18,31,31,1076,17,96,147,30,5,69,506),(19,18,0,112,3,8,9,0,0,4,28),(20,29,2,204,23,33,4,4,8,9,50),(21,13,0,65,8,11,2,1,5,6,10),(22,11,0,30,1,1,2,1,1,1,9),(23,31,29,856,40,105,66,24,9,65,265),(24,31,21,671,41,72,17,14,4,16,183),(25,31,31,977,99,227,25,22,73,53,479),(26,27,0,204,4,18,12,4,1,15,40),(27,16,0,54,4,4,0,0,1,0,18),(28,8,0,8,0,0,0,0,0,0,4),(29,31,16,886,35,116,44,26,13,50,322);
/*!40000 ALTER TABLE `player_totals` ENABLE KEYS */;
UNLOCK TABLES;

--
-- Table structure for table `players`
--

DROP TABLE IF EXISTS `players`;
/*!40101 SET @saved_cs_client     = @@character_set_client */;
/*!50503 SET character_set_client = utf8mb4 */;
CREATE TABLE `players` (
  `player_id` int NOT NULL,
  `player_number` int NOT NULL,
  `first_name` varchar(45) DEFAULT NULL,
  `last_name` varchar(45) DEFAULT NULL,
  `height_feet` int DEFAULT NULL,
  `height_inch` int DEFAULT NULL,
  `weight` int DEFAULT NULL,
  `hometown_city` varchar(45) DEFAULT NULL,
  `hometown_state` varchar(45) DEFAULT NULL,
  `major` varchar(45) DEFAULT NULL,
  `high_school` varchar(45) DEFAULT NULL,
  `season` int DEFAULT NULL,
  PRIMARY KEY (`player_id`)
) ENGINE=InnoDB DEFAULT CHARSET=utf8;
/*!40101 SET character_set_client = @saved_cs_client */;

--
-- Dumping data for table `players`
--

LOCK TABLES `players` WRITE;
/*!40000 ALTER TABLE `players` DISABLE KEYS */;
INSERT INTO `players` VALUES (1,5,'Eric','Ayala',6,5,205,'Wilmington','Delaware','Family Science','IMG Academy',1819),(2,13,'Ivan','Bender',6,9,228,'Capljina','Bosnia & Herzegovina','Communications','Elektrotehnicka Skol',1819),(3,15,'Will','Clark',6,8,195,'Baltimore','Maryland','Mathematics','Loyola Blakefield',1819),(4,1,'Anthony','Cowan Jr.',6,0,170,'Bowie','Maryland','Communications','St. John\'s College High School',1819),(5,23,'Bruno','Fernando',6,10,240,'Luanda','Angola','Undeclared','IMG Academy',1819),(6,14,'Ricky','Lindo Jr.',6,8,200,'Washington','D.C.','Undeclared','Woodrow Wilson',1819),(7,12,'Reese','Mona',6,2,180,'La Plata','Maryland','Finance','St. John\'s College High School',1819),(8,11,'Darryl','Morsell',6,5,200,'Baltimore','Maryland','Family Science','Mount Saint Joseph',1819),(9,24,'Trace','Ramsey',6,7,200,'Valparaiso','Indiana','Business','Bosco Institute',1819),(10,25,'Jalen','Smith',6,10,215,'Baltimore','Maryland','Information Science','Mount Saint Joseph',1819),(11,10,'Serrel','Smith Jr.',6,4,170,'St. Petersburg','Florida','Undeclared','St. Petersburg',1819),(12,4,'Andrew','Terrell',5,10,190,'Indianapolis','Indiana','Communications','Brebeuf Jesuit High School',1819),(13,0,'Joshua','Tomaic',6,9,235,'Lanzarote','Spain','American Studies','Canarias Academy',1819),(14,20,'Travis','Valmon',6,1,175,'Rockville','Maryland','Finance','Georgetown Prep',1819),(15,2,'Aaron','Wiggins',6,6,200,'Greensboro','North Carolina','Communications','Wesleyan Christian Academy',1819),(16,5,'Eric','Ayala',6,5,195,'Wilmington','Delaware','Family Science','IMG Academy',1920),(17,14,'Will','Clark',6,8,195,'Baltimore','Maryland','Mathematics','Loyola Blakefield',1920),(18,1,'Anthony','Cowan Jr.',6,0,180,'Bowie','Maryland','Masters- Technology Entrepreneurship','St. John\'s College High School',1920),(19,13,'Hakim','Hart',6,6,200,'Philadelphia','Pennsylvania','Undeclared','Roman Catholic',1920),(20,4,'Ricky','Lindo Jr.',6,8,220,'Washington','D.C.','Undeclared','Woodrow Wilson',1920),(21,15,'Chol','Marial',7,2,230,'Rumbek','South Sudan','Undeclared','AZ Compass Prep',1920),(22,12,'Reese','Mona',6,2,180,'La Plata','Maryland','Finance','St. John\'s College High School',1920),(23,11,'Darryl','Morsell',6,5,200,'Baltimore','Maryland','Family Science','Mount Saint Joseph',1920),(24,24,'Donta','Scott',6,7,200,'Philadelphia','Pennsylvania','Undeclared','Imhotep Charter',1920),(25,25,'Jalen','Smith',6,10,225,'Baltimore','Maryland','Information Science','Mount Saint Joseph',1920),(26,10,'Serrel','Smith Jr.',6,4,175,'St. Petersburg','Florida','Undeclared','St. Petersburg',1920),(27,0,'Joshua','Tomaic',6,10,235,'Lanzarote','Spain','American Studies','Canarias Academy',1920),(28,20,'Travis','Valmon',6,1,190,'Rockville','Maryland','Finance','Georgetown Prep',1920),(29,2,'Aaron','Wiggins',6,6,200,'Greensboro','North Carolina','Communications','Wesleyan Christian Academy',1920);
/*!40000 ALTER TABLE `players` ENABLE KEYS */;
UNLOCK TABLES;

--
-- Table structure for table `schedule`
--

DROP TABLE IF EXISTS `schedule`;
/*!40101 SET @saved_cs_client     = @@character_set_client */;
/*!50503 SET character_set_client = utf8mb4 */;
CREATE TABLE `schedule` (
  `game_id` int NOT NULL,
  `game_number` int NOT NULL,
  `opposing_school` varchar(45) DEFAULT NULL,
  `home_or_away` varchar(45) DEFAULT NULL,
  `outcome` varchar(45) DEFAULT NULL,
  `date_day` int DEFAULT NULL,
  `date_month` int DEFAULT NULL,
  `date_year` int DEFAULT NULL,
  PRIMARY KEY (`game_id`)
) ENGINE=InnoDB DEFAULT CHARSET=utf8;
/*!40101 SET character_set_client = @saved_cs_client */;

--
-- Dumping data for table `schedule`
--

LOCK TABLES `schedule` WRITE;
/*!40000 ALTER TABLE `schedule` DISABLE KEYS */;
INSERT INTO `schedule` VALUES (1,1,'Deleware','Home','W',6,11,2018),(2,2,'Navy','Away','W',9,11,2018),(3,3,'North Carolina A&T','Home','W',12,11,2018),(4,4,'Hofstra','Home','W',16,11,2018),(5,5,'Mount St. Marys','Home','W',18,11,2018),(6,6,'Marshall','Home','W',23,11,2018),(7,7,'Virgina','Home','L',28,11,2018),(8,8,'Penn State','Home','W',1,12,2018),(9,9,'Purdue','Away','L',6,12,2018),(10,10,'Loyola Chicago','Home','W',8,12,2018),(11,11,'Loyola (MD)','Home','W',11,12,2018),(12,12,'Seton Hall','Home','L',22,12,2018),(13,13,'Radford','Home','W',29,12,2018),(14,14,'Nebraska','Home','W',2,1,2019),(15,15,'Rutgers','Away','W',5,1,2019),(16,16,'Minnesota','Away','W',8,1,2019),(17,17,'Indiana','Home','W',11,1,2019),(18,18,'Wisconsin','Home','W',14,1,2019),(19,19,'Ohio State','Away','W',18,1,2019),(20,20,'Michigan State','Away','L',21,1,2019),(21,21,'Illinois','Home','L',26,1,2019),(22,22,'North Western','Home','W',29,1,2019),(23,23,'Wisconsin','Away','L',1,2,2019),(24,24,'Nebraska','Away','W',6,2,2019),(25,25,'Purdue','Home','W',12,2,2019),(26,26,'Michigan','Away','L',16,2,2019),(27,27,'Iowa','Away','W',19,2,2019),(28,28,'Ohio State','Home','W',23,2,2019),(29,29,'Penn State','Away','L',27,2,2019),(30,30,'Michigan','Home','L',3,3,2019),(31,31,'Minnesota','Home','W',8,3,2019),(32,32,'Nebraska','Home','L',14,3,2019),(33,33,'Belmont','Home','W',21,3,2019),(34,34,'LSU','Away','L',23,3,2019),(35,1,'Holy Cross','Home','W',5,11,2019),(36,2,'Rhode Island','Home','W',9,11,2019),(37,3,'Oakland','Home','W',16,11,2019),(38,4,'Fairfield','Home','W',19,11,2019),(39,5,'George Mason','Home','W',22,11,2019),(40,6,'Temple','Home','W',28,11,2019),(41,7,'Harvard','Home','W',29,11,2019),(42,8,'Marquette','Home','W',1,12,2019),(43,9,'Notre Dame','Home','W',4,12,2019),(44,10,'Illinois','Home','W',7,12,2019),(45,11,'Penn State','Away','L',10,12,2019),(46,12,'Seton Hall','Away','L',19,12,2019),(47,13,'Bryant','Home','W',1,1,2019),(48,14,'Indiana','Home','W',4,1,2020),(49,15,'Ohio State','Home','W',7,1,2020),(50,16,'Iowa','Away','L',10,1,2020),(51,17,'Wisconsin','Away','L',14,1,2020),(52,18,'Purdue','Home','W',18,1,2020),(53,19,'Northwestern','Away','W',21,1,2020),(54,20,'Indiana','Away','W',26,1,2020),(55,21,'Iowa','Home','W',30,1,2020),(56,22,'Rutgers','Home','W',4,2,2020),(57,23,'Illinois','Away','W',7,2,2020),(58,24,'Nebraska','Home','W',11,2,2020),(59,25,'Michigan State','Away','W',15,2,2020),(60,26,'North Western','Home','W',18,2,2020),(61,27,'Ohio State','Away','L',23,2,2020),(62,28,'Minnesota','Away','W',26,2,2020),(63,29,'Michigan State','Home','L',29,2,2020),(64,30,'Rutgers','Away','L',3,3,2020),(65,31,'Michigan','Home','W',8,3,2020);
/*!40000 ALTER TABLE `schedule` ENABLE KEYS */;
UNLOCK TABLES;

--
-- Table structure for table `shooting_totals`
--

DROP TABLE IF EXISTS `shooting_totals`;
/*!40101 SET @saved_cs_client     = @@character_set_client */;
/*!50503 SET character_set_client = utf8mb4 */;
CREATE TABLE `shooting_totals` (
  `player_id` int NOT NULL,
  `fg_made` int DEFAULT NULL,
  `fg_attempted` int DEFAULT NULL,
  `three_point_made` int DEFAULT NULL,
  `three_point_attempted` int DEFAULT NULL,
  `ft_made` int DEFAULT NULL,
  `ft_attempted` int DEFAULT NULL,
  PRIMARY KEY (`player_id`),
  CONSTRAINT `fk_shooting_totals_players1` FOREIGN KEY (`player_id`) REFERENCES `players` (`player_id`)
) ENGINE=InnoDB DEFAULT CHARSET=utf8;
/*!40101 SET character_set_client = @saved_cs_client */;

--
-- Dumping data for table `shooting_totals`
--

LOCK TABLES `shooting_totals` WRITE;
/*!40000 ALTER TABLE `shooting_totals` DISABLE KEYS */;
INSERT INTO `shooting_totals` VALUES (1,96,223,52,128,48,62),(2,3,10,0,1,1,2),(3,0,0,0,0,0,0),(4,168,428,70,208,125,155),(5,173,285,3,10,113,145),(6,20,52,2,12,13,25),(7,1,1,0,0,1,3),(8,111,242,18,62,39,58),(9,0,1,0,0,1,2),(10,145,295,19,71,77,117),(11,38,107,20,61,21,25),(12,1,2,0,1,0,0),(13,4,9,0,1,0,1),(14,1,2,1,2,1,2),(15,97,252,62,150,26,30),(16,87,243,40,146,50,69),(17,1,1,0,0,0,0),(18,139,356,56,174,172,212),(19,8,36,4,27,8,12),(20,19,29,4,5,8,14),(21,5,10,0,0,0,2),(22,3,3,1,1,2,3),(23,94,218,15,45,62,82),(24,68,155,25,79,22,26),(25,168,312,32,87,111,148),(26,14,56,7,31,5,9),(27,8,11,0,2,2,4),(28,1,2,1,1,1,2),(29,113,300,53,167,43,60);
/*!40000 ALTER TABLE `shooting_totals` ENABLE KEYS */;
UNLOCK TABLES;
/*!40103 SET TIME_ZONE=@OLD_TIME_ZONE */;

/*!40101 SET SQL_MODE=@OLD_SQL_MODE */;
/*!40014 SET FOREIGN_KEY_CHECKS=@OLD_FOREIGN_KEY_CHECKS */;
/*!40014 SET UNIQUE_CHECKS=@OLD_UNIQUE_CHECKS */;
/*!40101 SET CHARACTER_SET_CLIENT=@OLD_CHARACTER_SET_CLIENT */;
/*!40101 SET CHARACTER_SET_RESULTS=@OLD_CHARACTER_SET_RESULTS */;
/*!40101 SET COLLATION_CONNECTION=@OLD_COLLATION_CONNECTION */;
/*!40111 SET SQL_NOTES=@OLD_SQL_NOTES */;

-- Dump completed on 2020-12-13 11:54:58
